{"cameraMode":{"drawMode":0,"name":"Shaded","section":"Shading Mode"},"sceneLighting":true,"audioPlay":false,"sceneViewState":{"showFog":true,"showMaterialUpdate":false,"showSkybox":true,"showFlares":true,"showImageEffects":true,"showParticleSystems":true},"in2DMode":false,"pivot":{"x":0.4952104687690735,"y":-15.257951736450196,"z":-9.262246131896973},"rotation":{"x":0.027340475469827653,"y":0.8625422120094299,"z":-0.5030642151832581,"w":0.046878717839717868},"size":10.698017120361329,"orthographic":false}